consumo_id,registro_id,material_id,lote_material_id,quantidade_consumida,data_registro
1,23506,1,35,26.71,2023-04-16
2,20034,4,212,32.86,2025-06-12
3,62234,2,18,23.81,2025-11-24
4,108035,3,149,52.94,2022-04-16
5,105519,4,76,34.65,2025-11-29
6,51340,8,222,20.5,2023-04-04
7,142562,9,125,46.69,2023-03-13
8,39169,4,111,45.87,2022-01-25
9,216552,6,188,28.16,2022-11-04
10,36261,2,191,55.61,2022-01-25
11,54657,4,24,40.98,2021-11-26
12,87150,2,6,5.37,2025-09-12
13,51787,2,35,38.87,2021-03-23
14,118748,1,31,54.26,2023-04-30
15,52758,3,200,42.35,2022-09-08
16,63359,3,115,24.8,2024-10-21
17,42397,1,227,46.67,2021-10-05
18,113124,9,308,16.42,2022-10-03
19,184580,10,8,37.62,2024-10-13
20,46740,6,161,30.97,2021-08-21
21,133979,1,288,8.64,2023-09-25
22,78825,1,251,36.73,2023-02-02
23,48482,1,252,38.17,2022-04-11
24,150041,7,125,18.31,2022-10-31
25,105174,4,304,4.42,2024-02-25
26,3740,6,217,22.62,2021-02-15
27,216599,3,213,9.14,2025-12-28
28,126780,8,350,30.32,2023-04-28
29,24851,3,241,13.51,2024-08-07
30,177879,2,278,43.26,2025-06-18
31,189499,6,23,47.61,2022-12-13
32,23144,4,343,30.51,2023-03-04
33,192375,5,168,35.41,2023-06-03
34,167246,7,304,7.35,2022-01-22
35,216540,3,338,47.63,2023-05-08
36,83718,9,79,18.04,2025-08-31
37,41362,10,346,4.82,2024-09-14
38,162949,1,37,56.23,2022-06-19
39,78012,10,263,3.79,2021-04-01
40,193272,2,258,4.05,2024-07-28
41,165803,2,339,34.66,2022-10-20
42,13278,7,227,40.36,2024-07-09
43,110491,6,30,13.64,2025-01-30
44,5922,8,342,13.0,2022-12-12
45,155216,3,252,58.83,2024-08-17
46,72811,1,99,6.66,2022-01-18
47,120208,9,7,30.65,2025-05-02
48,97593,9,206,20.45,2025-09-17
49,42485,3,228,56.85,2022-05-15
50,8781,5,70,43.97,2024-11-10
51,98833,1,58,48.62,2023-04-10
52,153100,1,258,25.57,2022-07-11
53,141755,7,47,56.73,2022-10-03
54,189920,4,186,4.17,2025-10-24
55,41504,9,78,34.3,2021-04-14
56,133218,10,171,44.57,2024-12-17
57,4340,3,11,32.64,2023-03-30
58,206682,4,198,6.58,2024-01-18
59,122329,7,252,16.45,2025-05-16
60,134608,2,61,2.76,2023-12-07
61,193142,2,149,4.09,2025-03-15
62,30463,9,11,36.04,2025-03-06
63,99543,8,18,32.25,2023-05-09
64,15925,2,321,23.46,2024-05-13
65,77434,4,186,17.83,2022-03-30
66,153359,6,208,41.49,2025-06-19
67,131576,1,230,30.88,2021-01-26
68,26967,10,47,11.39,2022-07-25
69,128097,8,22,28.52,2024-07-07
70,70191,8,340,42.09,2023-07-02
71,41651,1,303,39.21,2021-07-23
72,24985,1,19,30.58,2021-06-07
73,77636,1,13,8.59,2023-11-28
74,23664,6,159,36.99,2024-06-10
75,120488,7,293,14.95,2024-01-25
76,163075,4,212,32.35,2025-08-31
77,191492,10,289,7.65,2021-03-03
78,56267,5,311,49.79,2023-07-06
79,37250,6,67,42.88,2025-09-06
80,121546,8,208,20.15,2021-11-13
81,34399,1,174,11.66,2021-10-11
82,83471,3,79,56.65,2021-11-09
83,177925,8,288,56.85,2021-07-30
84,175639,4,55,59.23,2024-09-20
85,50655,6,27,31.8,2021-11-07
86,109221,2,128,44.89,2024-01-12
87,6354,2,42,30.59,2023-01-31
88,113301,2,60,9.93,2022-03-13
89,217764,4,55,27.67,2021-07-22
90,217822,1,252,32.33,2022-11-17
91,42899,6,5,44.85,2025-12-07
92,25958,5,272,15.29,2024-03-26
93,177759,7,44,53.78,2024-12-07
94,27278,10,329,12.26,2021-11-16
95,161026,3,302,45.08,2022-05-04
96,201629,6,25,53.36,2024-06-20
97,93096,7,280,13.93,2022-05-17
98,111166,8,228,28.99,2025-02-15
99,171816,7,222,20.37,2022-05-29
100,73208,7,234,12.66,2021-11-15
101,5526,10,78,37.52,2023-09-21
102,146060,7,116,24.29,2021-03-08
103,139905,6,273,33.34,2022-09-27
104,130753,6,167,40.05,2021-01-29
105,81751,1,8,4.3,2022-03-18
106,164406,2,30,33.07,2023-03-28
107,185155,4,14,58.93,2025-06-05
108,36501,1,339,27.16,2023-02-05
109,98963,10,33,37.24,2025-07-13
110,176475,1,48,5.24,2021-01-29
111,7799,6,72,14.39,2023-07-07
112,102097,2,236,25.56,2021-10-19
113,6371,3,129,5.81,2021-12-12
114,181396,10,186,52.13,2022-08-11
115,149975,6,309,14.17,2023-04-28
116,81949,10,139,52.03,2025-12-08
117,12023,4,117,7.66,2022-07-02
118,148452,9,54,16.55,2023-11-28
119,196782,8,169,44.04,2024-05-17
120,98198,2,97,27.27,2021-05-10
121,2513,2,262,5.34,2021-05-12
122,178065,7,240,21.56,2025-10-12
123,132232,8,210,44.11,2025-03-04
124,169783,6,107,58.19,2025-09-13
125,150167,7,113,24.16,2024-07-01
126,177633,8,139,0.63,2023-02-24
127,39124,3,310,4.14,2025-08-15
128,197198,4,25,47.66,2023-10-16
129,9986,1,19,24.04,2025-01-23
130,138292,9,235,42.34,2021-03-30
131,126211,9,144,57.6,2023-07-15
132,205748,10,191,16.58,2021-02-11
133,181772,1,338,30.42,2025-05-09
134,112403,4,86,53.48,2023-11-15
135,190129,9,159,45.68,2021-11-14
136,179873,2,49,56.99,2024-01-27
137,93927,5,256,5.99,2022-03-19
138,125742,4,8,42.65,2024-04-15
139,60080,3,162,16.89,2023-09-04
140,283,4,261,28.39,2023-07-06
141,146694,5,91,28.42,2025-09-12
142,39338,1,176,12.95,2023-09-25
143,102777,6,1,34.69,2022-11-16
144,200257,6,123,23.81,2023-06-05
145,3684,10,109,21.85,2021-01-21
146,66844,10,106,48.65,2021-12-23
147,72195,7,164,52.99,2024-05-09
148,136654,1,68,38.74,2023-04-01
149,94605,9,15,54.0,2023-07-24
150,211356,10,240,16.65,2024-02-01
151,83622,9,260,9.38,2025-09-19
152,197504,3,307,43.59,2025-05-11
153,108299,8,47,57.59,2021-02-13
154,110823,3,275,7.99,2023-09-02
155,214413,2,332,2.36,2023-04-25
156,132232,5,242,52.9,2024-04-22
157,133178,8,267,59.46,2024-01-29
158,69957,4,142,32.28,2021-06-13
159,215721,7,26,30.48,2021-10-09
160,65225,10,271,54.74,2024-12-31
161,63979,10,138,59.28,2023-04-24
162,22346,10,24,57.77,2022-02-21
163,145731,2,260,59.87,2025-06-09
164,14653,10,277,36.53,2025-06-28
165,176139,3,17,19.42,2025-07-02
166,26251,3,322,29.09,2025-03-13
167,11794,2,248,58.03,2021-08-13
168,151226,2,114,16.68,2023-07-28
169,124151,6,255,9.07,2024-06-24
170,111986,10,333,21.87,2021-10-22
171,202748,2,319,8.81,2022-03-07
172,183960,1,336,36.83,2022-03-17
173,97576,7,260,32.01,2021-09-07
174,105493,4,56,55.09,2021-12-22
175,7512,10,50,28.58,2022-08-30
176,42266,9,267,40.41,2021-01-28
177,178859,9,291,36.21,2024-09-21
178,197369,8,268,25.43,2022-12-05
179,167904,3,289,9.58,2024-12-11
180,19826,8,59,53.77,2021-12-23
181,87830,3,304,28.39,2025-02-10
182,82675,4,273,31.68,2024-09-18
183,206327,5,234,19.39,2025-05-27
184,204988,9,343,30.03,2021-11-26
185,61838,8,298,24.79,2022-10-21
186,65738,10,140,43.69,2021-12-01
187,124322,2,24,24.6,2023-05-24
188,19898,9,240,20.53,2024-10-01
189,80035,9,190,23.3,2023-10-19
190,153634,5,80,1.19,2024-06-19
191,191185,1,55,38.31,2024-08-05
192,15009,4,133,43.23,2023-08-30
193,71767,6,93,9.12,2025-08-10
194,78630,10,231,28.96,2022-03-05
195,23033,3,173,5.54,2022-12-27
196,112466,7,105,5.14,2024-05-21
197,122462,9,244,42.2,2021-04-06
198,185440,7,201,41.94,2021-12-08
199,64052,6,335,0.82,2022-04-02
200,10369,1,294,18.46,2021-06-25
201,166274,9,202,2.14,2023-11-05
202,189898,6,29,24.59,2024-07-16
203,3503,5,172,44.36,2021-10-04
204,119607,9,99,19.21,2022-03-14
205,137938,9,295,54.99,2022-01-01
206,121399,8,330,50.73,2023-01-30
207,135612,10,193,10.49,2024-07-31
208,51435,1,165,19.66,2025-04-15
209,6672,1,313,8.51,2025-01-06
210,150762,2,129,18.74,2025-12-11
211,13995,8,288,32.29,2025-01-03
212,116967,5,194,26.32,2022-03-10
213,119827,6,151,17.39,2021-08-04
214,84913,7,72,20.92,2021-06-08
215,125110,5,63,46.36,2025-11-19
216,180955,2,214,33.37,2024-02-03
217,125195,9,112,43.94,2024-10-13
218,121038,8,218,40.48,2023-01-07
219,123993,6,239,15.98,2023-09-07
220,140312,10,264,37.56,2022-09-21
221,89282,2,197,54.53,2025-01-25
222,144903,6,313,39.09,2023-02-20
223,164903,1,316,10.0,2023-05-10
224,100113,6,177,43.61,2025-11-04
225,162041,8,234,30.03,2023-12-19
226,172883,8,335,36.71,2022-03-18
227,149031,4,12,3.49,2021-10-18
228,97040,9,264,49.48,2021-04-11
229,23667,7,58,46.04,2025-08-21
230,147476,3,300,50.49,2024-09-29
231,155055,4,48,1.4,2024-06-17
232,188439,6,149,45.06,2024-08-08
233,98192,3,109,20.69,2025-06-17
234,113452,6,188,50.17,2023-12-20
235,135023,3,274,13.79,2022-07-12
236,188286,8,312,53.09,2022-11-01
237,53900,8,1,45.97,2022-07-12
238,145591,9,314,21.37,2025-02-20
239,113213,8,132,37.46,2023-04-07
240,181767,2,278,39.25,2022-08-18
241,149119,8,173,37.32,2024-08-02
242,165980,10,235,47.53,2021-07-17
243,10097,7,297,27.65,2021-04-03
244,188084,5,155,46.69,2024-10-11
245,177463,10,304,43.09,2023-08-21
246,152967,1,181,15.71,2023-11-08
247,144515,8,304,50.15,2024-04-11
248,13321,5,323,38.12,2021-12-13
249,212299,6,326,47.14,2021-08-01
250,4478,3,102,32.31,2025-12-10
251,19506,7,263,27.72,2024-11-19
252,126124,9,305,16.66,2025-08-26
253,132904,2,237,51.47,2021-02-17
254,28518,8,47,35.54,2023-11-12
255,204561,6,195,9.23,2024-07-08
256,52722,6,221,15.52,2021-07-20
257,130198,9,155,11.84,2025-02-16
258,89355,6,114,36.01,2024-09-11
259,116066,1,133,47.4,2025-03-19
260,81422,10,249,2.05,2023-11-15
261,99434,9,325,22.46,2024-12-15
262,88697,7,313,29.13,2021-04-12
263,36490,7,134,33.45,2024-03-19
264,189424,10,140,25.67,2025-06-02
265,208541,1,279,23.13,2023-07-19
266,80001,8,15,54.16,2024-07-12
267,184630,8,58,51.77,2022-08-31
268,196095,10,221,17.6,2021-09-26
269,142251,6,81,49.64,2025-06-06
270,152609,10,72,49.52,2021-06-27
271,182863,3,343,52.61,2022-01-14
272,105705,4,118,17.19,2024-12-05
273,133205,9,3,2.76,2023-05-17
274,43497,10,312,15.27,2024-10-13
275,64403,8,89,22.27,2021-06-09
276,186136,2,74,57.94,2025-06-02
277,93794,5,342,46.06,2021-11-21
278,119938,5,56,48.07,2021-12-31
279,103068,3,287,35.41,2023-08-30
280,81160,3,310,14.11,2025-02-09
281,151615,6,75,53.5,2025-11-04
282,61389,1,133,35.46,2023-08-07
283,87607,9,230,22.95,2024-11-09
284,68609,5,190,33.69,2025-09-08
285,75269,5,229,55.46,2022-06-19
286,117306,8,155,57.93,2022-01-20
287,15070,6,336,59.59,2023-11-10
288,84096,10,310,51.88,2024-07-27
289,6185,7,41,44.32,2023-02-11
290,56945,3,82,34.4,2023-09-11
291,16613,10,326,2.51,2021-01-04
292,153463,7,271,34.46,2021-04-29
293,28281,2,231,10.29,2025-09-30
294,133936,10,258,37.61,2024-09-09
295,107643,8,327,5.08,2021-02-02
296,9030,4,66,15.71,2025-11-04
297,14246,7,71,55.25,2021-12-23
298,26090,3,265,24.22,2022-02-22
299,146511,4,37,40.61,2023-11-19
300,72963,3,337,37.55,2021-08-04
301,53286,3,189,34.61,2024-01-15
302,184897,7,320,42.44,2022-07-08
303,184995,9,40,38.77,2025-04-27
304,72472,7,195,32.55,2023-01-10
305,45106,9,224,14.79,2021-10-21
306,211425,3,235,45.77,2021-11-04
307,146273,6,179,28.62,2021-01-18
308,140762,10,339,47.15,2023-01-02
309,150543,2,121,35.32,2021-08-20
310,89493,3,72,2.64,2023-05-09
311,48816,4,283,40.22,2025-12-06
312,153298,6,147,28.98,2022-09-18
313,207492,10,116,19.71,2021-03-09
314,66149,1,31,40.96,2025-01-07
315,159380,4,240,30.83,2024-12-14
316,92299,4,71,51.96,2025-01-09
317,191530,1,267,28.68,2025-11-15
318,69299,4,116,14.98,2021-06-09
319,160372,10,300,17.81,2024-08-09
320,206024,5,102,12.82,2022-03-26
321,215023,7,216,8.61,2025-02-23
322,151375,8,75,34.42,2023-06-17
323,19916,7,108,49.3,2024-01-12
324,140254,3,34,50.12,2021-03-17
325,171024,2,324,1.47,2025-11-02
326,158513,2,212,53.29,2021-02-09
327,114601,1,271,8.88,2024-10-15
328,92527,10,273,50.86,2024-02-13
329,73739,8,33,17.75,2023-08-21
330,92851,6,265,10.03,2021-08-23
331,195772,1,39,39.94,2023-01-21
332,185441,5,157,4.93,2025-03-19
333,151606,9,280,26.13,2022-06-29
334,38902,3,160,0.24,2024-04-28
335,217964,1,275,46.61,2022-03-26
336,23274,3,67,19.53,2025-01-09
337,77877,10,134,7.56,2023-11-12
338,186902,1,274,37.24,2023-11-04
339,198618,10,302,34.32,2025-03-24
340,84877,4,312,7.44,2021-03-11
341,108118,4,268,16.8,2023-01-22
342,36515,7,82,48.85,2022-05-01
343,116493,7,26,57.26,2021-06-30
344,28913,1,94,46.41,2023-04-19
345,114032,2,222,16.93,2023-05-19
346,120292,7,30,33.41,2022-02-14
347,160101,4,130,4.39,2022-09-25
348,42386,3,168,11.47,2024-04-20
349,140350,3,74,32.89,2023-11-20
350,218087,9,309,3.36,2025-01-29
351,97525,3,350,33.53,2021-05-27
352,32441,9,137,28.93,2023-03-15
353,45082,5,20,33.24,2025-03-13
354,197811,9,206,44.52,2023-10-22
355,20020,2,76,10.08,2024-04-01
356,175114,5,337,28.53,2021-02-28
357,173850,2,82,37.58,2022-01-28
358,180105,2,114,39.66,2023-05-03
359,132782,10,73,28.25,2025-08-25
360,79775,9,334,26.89,2022-10-04
361,148315,3,322,58.37,2025-01-18
362,189965,2,179,3.07,2022-01-18
363,162916,5,121,18.7,2024-06-03
364,103296,7,107,22.76,2023-12-08
365,45315,3,242,44.46,2023-11-06
366,201695,9,156,14.71,2023-06-02
367,102880,8,283,25.99,2021-09-15
368,140909,3,75,8.96,2023-03-02
369,6578,9,264,38.36,2022-02-18
370,148054,10,326,36.53,2021-09-15
371,53355,3,263,21.06,2022-03-27
372,200484,7,123,2.42,2024-06-08
373,28998,2,211,32.35,2023-11-04
374,23831,8,210,29.73,2024-03-21
375,161995,9,117,59.89,2022-04-30
376,128213,6,118,22.44,2025-07-03
377,95493,7,57,45.68,2021-04-19
378,186424,8,290,41.41,2024-07-26
379,4681,6,170,51.37,2023-08-01
380,169376,2,336,24.54,2022-11-29
381,163715,2,198,20.23,2024-04-11
382,97436,10,79,25.35,2022-10-27
383,185256,5,276,4.59,2022-08-02
384,25737,9,112,35.42,2022-09-07
385,109357,9,195,25.26,2021-10-27
386,153725,5,168,50.84,2021-11-23
387,174459,5,176,53.02,2025-08-22
388,86563,3,110,58.35,2022-01-19
389,156503,10,92,31.56,2023-07-26
390,103324,1,62,37.84,2022-12-14
391,104101,8,212,7.64,2024-12-19
392,20942,3,328,14.78,2025-10-27
393,88652,9,24,37.46,2025-03-25
394,52721,6,121,24.92,2025-08-10
395,161347,7,75,46.33,2023-04-24
396,200335,3,350,54.45,2023-10-29
397,15713,8,157,23.38,2024-10-25
398,85535,9,125,0.71,2022-08-17
399,138938,8,289,38.27,2025-03-01
400,3458,9,224,1.38,2023-10-15
401,31098,7,323,0.24,2023-06-15
402,79324,6,170,54.54,2021-03-12
403,43948,3,270,31.96,2021-05-30
404,196577,1,136,51.43,2025-07-22
405,105934,3,216,28.13,2023-02-20
406,112729,1,279,58.65,2024-10-08
407,58560,10,111,59.07,2024-12-17
408,91485,8,51,31.98,2023-04-16
409,29541,2,248,41.17,2025-04-21
410,49442,8,49,29.7,2021-07-22
411,204671,2,26,31.15,2021-02-05
412,110256,9,335,29.9,2024-11-22
413,176422,2,306,47.09,2023-02-23
414,6274,9,346,22.78,2025-02-18
415,70244,4,125,23.95,2023-12-14
416,76938,3,318,59.98,2023-10-12
417,94920,10,47,25.79,2022-06-14
418,59127,5,37,18.38,2022-11-28
419,81124,8,207,43.0,2024-12-25
420,88449,1,245,47.52,2022-02-04
421,24552,6,55,9.22,2021-02-17
422,206763,8,49,2.91,2023-12-16
423,195008,10,221,45.27,2021-09-30
424,124069,3,293,34.07,2021-09-10
425,117561,6,223,36.16,2021-03-12
426,58902,1,218,12.31,2024-08-01
427,15950,1,144,5.46,2021-09-10
428,16572,10,320,12.43,2025-12-30
429,152845,10,83,9.88,2022-01-14
430,3194,3,174,40.47,2021-07-12
431,9881,9,139,18.83,2022-08-22
432,182733,10,220,50.75,2022-04-30
433,111234,2,217,23.84,2025-08-30
434,199584,7,61,31.84,2021-07-14
435,195117,5,37,22.53,2025-07-14
436,148407,4,277,34.28,2024-09-27
437,115580,5,99,43.9,2024-01-27
438,108346,1,189,19.25,2024-12-12
439,21443,3,45,9.77,2022-05-17
440,34393,9,20,6.01,2022-12-18
441,209433,8,62,55.86,2022-06-22
442,199398,9,27,28.52,2022-09-26
443,203747,2,251,11.56,2025-11-07
444,55801,8,174,47.49,2024-10-05
445,107046,1,194,34.83,2021-09-08
446,171701,9,25,28.22,2023-09-14
447,40497,3,222,55.2,2022-03-08
448,191314,8,92,8.62,2023-02-23
449,176161,6,148,51.86,2024-07-24
450,115684,10,51,3.93,2022-12-05
451,195838,7,60,29.11,2025-11-13
452,118262,3,148,19.74,2021-07-03
453,68571,6,32,38.17,2022-07-26
454,21942,4,67,17.4,2023-07-21
455,152802,6,274,51.49,2022-02-16
456,97531,7,30,36.76,2023-11-23
457,104468,3,234,27.98,2022-08-17
458,115223,2,139,13.21,2024-06-11
459,153535,7,60,34.63,2021-08-22
460,62331,3,11,37.3,2022-12-27
461,194397,6,96,44.12,2024-11-19
462,78515,8,160,10.91,2024-09-18
463,31603,5,43,15.0,2023-11-23
464,112918,9,269,43.38,2023-05-22
465,179208,4,32,38.04,2021-10-14
466,150329,9,165,55.45,2023-08-14
467,104881,9,321,9.91,2025-09-19
468,4684,10,194,23.87,2021-03-03
469,195803,5,265,4.21,2025-03-16
470,92874,1,142,57.7,2024-01-17
471,124468,3,255,46.38,2022-02-09
472,74821,8,249,55.93,2023-09-11
473,101563,5,152,39.58,2024-11-16
474,1840,8,141,47.5,2022-06-14
475,218167,8,81,7.05,2024-06-01
476,40978,10,271,43.35,2023-03-11
477,153131,5,191,37.81,2023-02-19
478,165216,5,172,28.29,2024-07-24
479,65167,2,321,51.72,2021-11-27
480,163837,2,42,43.11,2025-05-09
481,1027,10,330,44.39,2021-07-12
482,154548,4,238,32.38,2025-12-17
483,89154,3,160,58.99,2021-04-17
484,53104,2,247,44.06,2024-06-04
485,172473,7,108,39.68,2023-05-17
486,12420,6,122,4.52,2023-03-03
487,141481,5,213,23.23,2021-08-27
488,28851,10,39,1.24,2022-07-01
489,166461,3,18,13.59,2021-10-07
490,201330,3,332,44.42,2022-08-29
491,11646,2,303,31.09,2022-01-24
492,131207,2,313,56.02,2021-09-01
493,98635,6,132,10.46,2022-01-02
494,58336,5,204,9.84,2022-09-03
495,168403,2,25,21.2,2025-03-17
496,122381,7,38,58.87,2025-05-17
497,154362,4,222,14.18,2025-05-15
498,58699,9,230,25.11,2024-08-28
499,189370,9,140,10.05,2023-04-22
500,83935,9,67,50.83,2021-09-30
501,200357,8,3,12.29,2025-12-20
502,59302,7,313,59.62,2021-09-09
503,161922,1,336,45.42,2021-02-27
504,6555,8,54,53.53,2022-07-23
505,147326,5,151,47.0,2022-06-11
506,73506,6,223,53.66,2023-01-26
507,121225,6,133,32.75,2021-03-02
508,184149,7,171,44.78,2022-04-17
509,128824,7,95,18.29,2023-01-05
510,183126,4,184,19.26,2021-02-07
511,145463,2,277,2.68,2024-03-06
512,148276,8,307,6.55,2024-10-07
513,213563,3,106,33.93,2025-08-07
514,127713,2,82,56.26,2024-05-31
515,48263,2,268,41.77,2025-11-27
516,56983,2,119,44.3,2022-07-03
517,145796,6,175,31.27,2024-06-25
518,203511,6,233,30.27,2023-04-04
519,46876,9,21,47.83,2024-05-14
520,6307,9,151,49.12,2025-11-12
521,58300,1,190,25.58,2025-05-31
522,169429,1,227,20.09,2023-04-26
523,48667,2,341,5.5,2024-03-22
524,168597,3,260,54.09,2021-12-29
525,34604,6,153,1.17,2022-10-17
526,20123,1,262,53.8,2022-04-28
527,212827,4,159,17.6,2025-04-02
528,122658,3,271,51.79,2021-07-23
529,124327,7,122,2.54,2022-08-27
530,212411,1,299,15.09,2025-09-21
531,139455,9,175,56.08,2025-12-01
532,131690,6,208,2.82,2023-05-27
533,92408,10,98,28.42,2022-08-05
534,101686,4,81,39.63,2023-10-21
535,24094,9,192,26.59,2021-02-04
536,115769,9,290,21.49,2025-08-08
537,133149,4,56,2.6,2025-07-10
538,160031,3,104,48.95,2023-02-01
539,110207,7,135,21.23,2024-07-22
540,134975,6,337,44.25,2023-07-05
541,65780,4,43,59.08,2025-06-17
542,150715,9,15,46.34,2024-10-20
543,147410,5,299,13.01,2023-01-07
544,129610,6,174,22.27,2024-05-28
545,86686,2,335,6.6,2025-09-30
546,10341,7,142,42.25,2024-09-19
547,183095,8,125,6.46,2021-01-26
548,27709,5,158,13.51,2024-07-27
549,25132,9,280,26.89,2022-02-24
550,159800,7,285,37.42,2025-11-02
551,14650,3,335,36.84,2022-10-13
552,181016,5,20,17.71,2024-07-29
553,88058,1,101,47.72,2021-08-27
554,112397,7,290,22.38,2022-11-10
555,3919,7,36,46.91,2021-11-15
556,13199,8,41,56.54,2021-07-19
557,13387,2,320,20.09,2024-12-21
558,124464,9,99,39.31,2025-03-18
559,161242,7,92,9.13,2024-02-07
560,15980,4,5,57.13,2024-03-01
561,195028,10,36,0.32,2025-07-19
562,202365,10,124,19.14,2024-11-24
563,12715,2,138,43.4,2023-12-17
564,197030,5,307,24.11,2024-12-07
565,173137,1,129,11.92,2024-06-15
566,96821,3,77,51.14,2023-04-05
567,87900,7,274,34.55,2025-01-04
568,71826,8,235,57.69,2023-04-25
569,189304,5,129,17.28,2021-09-30
570,203799,1,345,57.17,2023-07-04
571,216623,4,275,56.27,2022-01-05
572,101671,10,242,33.45,2021-11-22
573,215616,7,30,54.64,2023-03-22
574,166416,6,9,16.33,2024-01-19
575,111848,6,345,21.25,2022-12-18
576,179258,1,249,22.7,2023-07-17
577,49625,4,238,38.15,2025-05-16
578,82341,9,331,3.6,2022-12-10
579,217116,3,149,23.39,2021-05-27
580,49601,6,204,9.35,2021-02-18
581,130043,5,92,27.66,2023-11-13
582,57469,5,157,14.0,2025-01-22
583,124321,7,333,16.77,2025-11-29
584,136488,7,7,52.12,2021-04-20
585,200753,7,133,40.64,2021-11-14
586,142663,8,41,30.69,2023-01-25
587,170278,3,178,46.21,2025-04-15
588,152797,7,239,23.34,2021-05-05
589,100872,3,73,32.96,2022-12-02
590,204786,4,135,18.39,2023-11-24
591,48747,8,240,37.47,2025-01-04
592,124521,7,322,41.74,2024-09-27
593,153827,3,43,26.94,2024-04-04
594,130397,4,116,23.48,2022-11-15
595,133542,2,125,7.85,2025-02-23
596,194618,10,343,30.73,2021-02-01
597,70601,2,30,31.3,2021-05-14
598,215509,3,88,23.31,2022-08-16
599,188309,9,267,52.59,2025-08-09
600,163634,3,289,52.14,2023-12-26
601,165190,1,166,46.35,2021-02-11
602,29330,7,47,46.97,2024-07-22
603,35890,8,91,46.38,2025-10-16
604,84288,9,138,12.81,2022-08-11
605,48065,7,306,16.84,2024-02-16
606,105061,5,204,34.17,2025-07-19
607,41061,10,48,45.95,2022-04-10
608,164205,7,265,44.47,2021-05-19
609,4611,10,197,57.98,2023-02-08
610,215247,1,336,14.26,2021-04-20
611,85814,6,35,7.93,2022-11-09
612,169551,6,314,48.07,2022-06-30
613,42422,6,45,8.2,2022-01-25
614,214705,9,295,49.79,2022-07-25
615,31996,7,158,21.52,2021-08-27
616,33667,2,298,36.92,2024-04-24
617,124057,5,304,23.89,2025-05-07
618,74917,9,67,8.69,2025-02-15
619,30587,3,206,13.48,2023-12-24
620,72391,10,164,22.77,2022-06-06
621,197307,8,101,33.85,2025-03-17
622,53207,6,199,35.71,2023-10-07
623,144027,10,56,53.24,2025-08-02
624,37810,4,27,49.06,2022-08-05
625,183165,10,274,18.48,2021-06-05
626,16815,6,114,50.39,2025-09-21
627,152409,9,148,38.18,2022-01-09
628,158170,1,34,50.6,2023-10-21
629,178985,8,330,28.2,2024-03-13
630,153871,5,115,59.91,2024-03-08
631,106741,5,182,52.07,2024-01-10
632,94247,1,313,3.79,2022-02-13
633,90855,8,100,22.55,2021-02-16
634,174465,5,37,55.5,2025-05-08
635,83893,8,304,47.15,2024-10-22
636,122822,10,250,4.45,2024-08-21
637,83921,2,229,35.3,2025-12-04
638,59996,1,54,11.71,2023-07-05
639,169934,10,261,13.15,2025-06-16
640,60155,10,109,17.21,2025-12-23
641,88058,8,346,0.78,2023-09-11
642,50345,1,146,7.55,2024-06-15
643,6586,2,147,48.42,2022-05-21
644,24825,6,7,1.47,2023-12-18
645,654,4,104,3.27,2022-06-02
646,41999,9,325,51.05,2025-05-08
647,157749,7,307,4.41,2023-08-04
648,43806,5,155,13.79,2021-05-31
649,55050,6,154,40.16,2025-01-20
650,27861,3,216,30.16,2021-01-12
651,63521,8,261,6.19,2024-06-23
652,157673,1,247,37.0,2024-04-29
653,11470,10,263,42.46,2021-03-16
654,156729,1,233,41.22,2023-11-15
655,92155,8,266,49.84,2021-07-31
656,135808,3,350,50.4,2022-11-07
657,170634,1,54,15.48,2021-04-09
658,164885,10,94,36.96,2024-01-23
659,194819,7,145,51.55,2021-04-17
660,52327,8,71,59.77,2025-04-11
661,19260,4,84,5.93,2024-07-14
662,39370,10,5,53.24,2025-04-20
663,30136,9,296,4.76,2023-12-04
664,175100,6,281,28.14,2025-04-08
665,117619,9,88,40.05,2022-11-29
666,105714,1,185,14.52,2023-07-13
667,173077,3,207,28.1,2023-07-13
668,127532,6,231,19.89,2024-09-19
669,90534,8,189,24.35,2025-09-10
670,180113,7,324,30.53,2022-09-18
671,20153,5,209,23.19,2022-09-28
672,20033,2,98,41.14,2025-05-31
673,155682,1,95,45.55,2024-05-28
674,11704,4,18,48.78,2022-06-16
675,166592,10,58,42.61,2024-06-19
676,4932,4,314,22.69,2021-10-07
677,11129,6,126,44.89,2022-12-31
678,28098,9,232,56.42,2022-02-09
679,120282,3,123,36.57,2025-10-17
680,88173,5,165,10.91,2021-08-04
681,211429,5,41,14.04,2025-10-03
682,78503,4,174,59.25,2025-01-29
683,86186,9,17,22.29,2022-04-21
684,108416,3,245,17.54,2021-05-31
685,112059,2,15,18.3,2022-06-09
686,132551,5,332,46.0,2022-12-03
687,50848,1,265,7.5,2021-02-28
688,11880,2,41,24.06,2023-03-09
689,33275,4,109,56.16,2022-02-26
690,88198,10,284,2.77,2023-04-12
691,84231,6,345,40.97,2022-07-01
692,141184,10,327,28.5,2023-09-26
693,58481,4,17,21.32,2022-12-11
694,159659,1,116,32.55,2022-12-16
695,5164,8,31,35.32,2024-06-01
696,62533,4,90,3.13,2021-02-04
697,155412,4,334,25.24,2022-04-29
698,195739,5,221,37.98,2023-11-18
699,185006,6,227,41.57,2023-03-04
700,158173,9,67,6.03,2024-02-13
701,81963,6,6,27.88,2025-09-29
702,140162,9,301,30.26,2022-03-05
703,119618,8,222,40.89,2022-03-01
704,149224,9,204,16.48,2024-02-17
705,211185,7,29,46.27,2025-03-24
706,98662,8,158,9.21,2024-10-06
707,64689,4,315,50.92,2022-08-31
708,176315,4,6,20.8,2021-02-13
709,6676,2,30,42.48,2025-01-14
710,34054,5,200,10.37,2025-11-12
711,47683,7,98,15.92,2025-11-27
712,132459,10,348,12.85,2024-02-06
713,180210,1,346,28.07,2022-05-23
714,49137,5,134,19.03,2021-01-26
715,54863,7,3,0.72,2024-12-13
716,70583,2,45,26.48,2023-03-26
717,65152,9,264,53.06,2023-09-06
718,85574,1,319,41.69,2025-06-28
719,94148,9,290,44.23,2024-10-18
720,56590,2,168,14.21,2022-11-24
721,138487,8,58,31.75,2025-01-24
722,140102,1,289,12.51,2021-09-09
723,192794,2,278,5.1,2021-06-24
724,181237,6,321,25.54,2022-10-24
725,57738,5,160,39.42,2025-01-09
726,154843,4,198,50.68,2023-05-01
727,36539,6,136,56.65,2021-04-20
728,83853,4,314,55.88,2021-09-06
729,73432,6,350,10.6,2023-07-17
730,28308,8,157,12.42,2024-11-08
731,67697,4,239,6.17,2021-01-17
732,170446,7,275,53.29,2023-04-28
733,184425,3,314,52.93,2025-05-17
734,67183,1,240,8.18,2023-01-17
735,77392,10,189,11.12,2022-08-10
736,85503,2,52,31.35,2025-08-13
737,39364,9,311,56.43,2025-06-27
738,94166,5,77,8.64,2025-08-21
739,96647,1,188,58.13,2023-09-04
740,115922,4,335,13.65,2024-10-30
741,46270,9,14,23.18,2021-11-21
742,102532,6,173,36.14,2021-08-13
743,218001,6,194,53.59,2025-10-03
744,172736,10,289,49.74,2022-08-13
745,24925,10,301,37.92,2022-01-04
746,30091,2,178,33.42,2023-05-18
747,7984,5,315,51.11,2024-12-15
748,24466,4,119,51.89,2021-09-20
749,145901,8,331,51.39,2025-08-17
750,201863,5,36,24.44,2024-06-26
751,27749,9,249,45.46,2022-03-26
752,196192,2,56,17.96,2021-08-31
753,38278,1,260,5.05,2022-02-08
754,87434,6,85,41.93,2024-12-22
755,219107,5,145,7.18,2025-03-04
756,159697,2,176,25.49,2022-03-24
757,3748,4,193,36.83,2022-07-18
758,187558,8,104,36.56,2023-10-12
759,60610,3,225,11.23,2025-09-12
760,137069,6,84,49.83,2022-06-14
761,116404,4,196,43.32,2024-06-01
762,68210,8,241,48.63,2024-12-16
763,20476,5,321,45.38,2025-06-16
764,102635,3,118,22.47,2023-07-17
765,89108,10,281,58.29,2022-10-21
766,133308,3,118,2.74,2024-07-28
767,191156,1,23,23.84,2022-09-11
768,217111,10,103,55.34,2024-07-29
769,216463,10,169,1.77,2025-03-15
770,217002,9,260,43.16,2024-08-09
771,80812,8,120,27.36,2022-05-30
772,2724,7,67,27.11,2023-11-27
773,124784,8,223,59.3,2025-07-31
774,215894,3,9,0.98,2024-05-01
775,83042,8,138,39.42,2022-06-02
776,99626,5,13,24.77,2025-11-06
777,178274,9,130,21.74,2025-05-27
778,47220,4,287,27.24,2024-04-24
779,166644,3,233,42.07,2021-09-09
780,110772,5,204,20.19,2025-03-23
781,207549,2,3,36.04,2025-09-30
782,85945,1,167,37.78,2025-09-20
783,39877,5,347,27.13,2024-05-24
784,31349,10,146,5.47,2025-05-28
785,145258,5,309,56.75,2022-05-08
786,211866,6,347,33.94,2024-10-25
787,211713,6,42,31.27,2024-12-23
788,65770,8,64,21.49,2025-06-16
789,91007,6,152,21.94,2025-09-12
790,87040,5,332,53.59,2023-10-07
791,80256,2,306,22.56,2025-08-13
792,26634,2,230,10.13,2025-07-28
793,124224,10,309,9.48,2022-08-22
794,123020,3,109,2.8,2023-08-25
795,170908,5,256,16.02,2022-09-12
796,168608,2,66,35.13,2021-07-04
797,87912,1,190,51.86,2023-12-18
798,85579,9,259,0.92,2025-01-13
799,200816,6,30,18.9,2021-08-22
800,127407,10,116,30.7,2024-04-01
801,1362,8,7,18.8,2022-09-14
802,145812,1,85,30.62,2024-05-21
803,162565,2,324,33.02,2021-11-09
804,127864,2,66,38.75,2021-09-07
805,18302,3,321,13.42,2023-11-17
806,120973,4,247,49.55,2023-03-16
807,190108,3,19,40.98,2021-09-17
808,16969,8,251,13.75,2021-04-28
809,1340,4,146,54.63,2024-05-24
810,82492,4,53,36.71,2021-09-10
811,212355,5,67,1.55,2022-12-20
812,181834,1,8,32.89,2025-08-09
813,104549,8,316,34.91,2025-12-17
814,99068,4,64,51.48,2025-12-11
815,33187,6,43,15.45,2024-02-06
816,48927,9,299,55.81,2024-06-10
817,7683,2,303,0.49,2025-03-29
818,4584,6,245,25.32,2023-06-09
819,209324,6,173,23.42,2021-04-14
820,23412,4,291,16.42,2022-03-21
821,171265,2,1,58.39,2021-08-26
822,190397,3,51,32.85,2024-02-13
823,192250,9,279,16.06,2024-04-18
824,170362,1,305,27.14,2024-02-27
825,133528,6,104,54.31,2021-02-22
826,175107,9,280,10.59,2024-01-23
827,186027,10,98,31.27,2023-11-06
828,192448,4,200,24.44,2024-07-15
829,131466,8,172,43.03,2024-12-24
830,29086,3,347,22.61,2025-06-17
831,159762,7,227,6.33,2023-05-05
832,71759,2,234,21.63,2023-08-16
833,85551,2,112,9.3,2021-04-23
834,104400,10,85,17.68,2024-05-07
835,140571,3,193,13.43,2022-01-29
836,178190,7,31,7.03,2025-08-22
837,138734,5,299,56.02,2023-10-01
838,75943,5,183,47.72,2022-07-11
839,11946,1,164,57.44,2024-08-29
840,157193,8,11,43.24,2022-12-03
841,21314,10,339,12.81,2024-05-07
842,76968,7,25,22.5,2025-01-27
843,196403,7,295,21.89,2025-04-08
844,210546,8,349,17.88,2024-05-01
845,26377,3,286,56.19,2021-11-17
846,66337,10,189,0.95,2025-05-16
847,108281,6,159,50.14,2023-10-21
848,171644,5,274,39.46,2025-11-11
849,132016,6,207,20.73,2022-01-01
850,135502,7,91,5.35,2025-09-03
851,161410,5,328,5.9,2022-06-04
852,198950,7,112,23.57,2021-01-06
853,98795,5,303,16.43,2024-03-13
854,167187,5,262,29.74,2021-07-08
855,29661,7,237,36.52,2025-11-17
856,47837,10,62,10.69,2021-08-06
857,34298,8,22,24.5,2021-02-03
858,36271,4,41,17.46,2025-10-18
859,137042,7,184,25.77,2024-01-06
860,57934,3,146,13.13,2023-02-17
861,85020,4,21,8.92,2024-11-13
862,128627,9,174,36.63,2021-10-31
863,22844,7,331,33.09,2025-04-06
864,71677,9,314,12.56,2025-03-24
865,67055,3,21,53.37,2025-11-24
866,28382,10,138,38.91,2024-06-05
867,21500,9,27,2.91,2025-11-06
868,8421,6,340,21.48,2025-05-16
869,15867,7,130,54.88,2021-11-25
870,139721,10,252,30.7,2022-04-16
871,69406,1,328,12.69,2024-02-15
872,167611,5,147,33.94,2025-09-30
873,203758,5,147,7.32,2021-01-05
874,126438,4,34,35.02,2025-12-30
875,202113,6,249,3.49,2024-10-01
876,102651,6,68,48.19,2022-07-03
877,41742,10,72,55.36,2021-01-17
878,42743,9,140,19.33,2021-02-22
879,90253,5,262,52.94,2021-10-24
880,99782,6,154,18.72,2025-06-27
881,196934,2,29,27.29,2022-05-14
882,125293,9,282,54.8,2021-01-26
883,213538,5,273,9.86,2023-12-03
884,68054,2,334,16.05,2021-02-04
885,37910,5,83,28.05,2023-08-20
886,4603,1,86,0.78,2024-09-21
887,13639,8,271,54.28,2023-06-10
888,46708,1,13,19.63,2021-01-27
889,115258,7,242,5.73,2024-07-28
890,112209,9,345,56.28,2022-12-21
891,135334,8,25,32.69,2025-11-22
892,146812,7,208,57.38,2025-12-28
893,163014,6,200,30.99,2022-03-02
894,19272,5,121,18.28,2022-06-02
895,83175,4,223,57.9,2024-11-09
896,80212,7,209,26.33,2024-01-25
897,146184,5,99,59.88,2024-05-17
898,197200,8,306,43.39,2024-12-25
899,3438,3,20,32.89,2024-11-16
900,67861,8,251,46.87,2021-10-15
